RMAC,X,Y,Z,txPwr1,txPwr2,plref
C2:3B:C4:50:F8:6B,2.90,0.0,6,8,5,24.4
DF:5A:33:2A:96:47,0.0,10.85,6,8,7,21.514285710000003
DB:4F:6E:19:A2:52,8.00,8.30,6,8,6,24.02857143